case,trials,win_rate,ci95_low,ci95_high,mean_turns,p50_turns,p95_turns,capped,coins_per_attempt,exp_per_attempt
progress-1-grassland-easy,200,1,0.9811539940816791,1,2.035,2,2,0,8.26,33.43
progress-1-grassland-normal,200,0.675,0.6073185684304498,0.736085329498138,7.58,7,14,0,27.805,38.475
progress-1-grassland-hard,200,0,0,0.018846005918320894,10.805,10,19,0,0,0
progress-1-lake-normal,200,0.405,0.3393765611244294,0.4742041800000517,8.655,9,15,0,3.965,13.265
progress-1-forest-hard,200,0,0,0.018846005918320894,10.635,10,16,0,0,0
progress-3-grassland-easy,200,1,0.9811539940816791,1,2.035,2,2,0,8.275,33.45
progress-3-grassland-normal,200,0.72,0.6540756858222899,0.7776320715736488,7.965,7,14,0,29.625,41.49
progress-3-grassland-hard,200,0.005,0.0008831459893662054,0.02777439986977148,12.37,11,23,0,1.8,0.485
progress-3-lake-normal,200,0.455,0.38748099090226035,0.5242151496303886,9.45,10,17,0,5.05,16.835
progress-3-forest-hard,200,0,0,0.018846005918320894,12.13,12,18,0,0,0
progress-10-grassland-easy,200,1,0.9811539940816791,1,2.03,2,2,0,8.275,33.52
progress-10-grassland-normal,200,0.84,0.7828581380609876,0.8843265779145542,8.82,7,20,0,32.42,48.835
progress-10-grassland-hard,200,0.16,0.11567342208544587,0.2171418619390124,17.58,17,27,0,40.545,13.385
progress-10-lake-normal,200,0.95,0.9104209437021562,0.9726176509713551,10.24,10,19,0,11.685,42.16
progress-10-forest-hard,200,0.19,0.14167093792456506,0.250013585744794,17.925,18,25,0,3.965,16.105
progress-30-grassland-easy,200,1,0.9811539940816791,1,2.03,2,2,0,8.275,33.52
progress-30-grassland-normal,200,1,0.9811539940816791,1,8.825,7,19,0,36.745,57.885
progress-30-grassland-hard,200,0.575,0.5057080512046821,0.6414650479075696,26.555,25,37,0,81.265,63.87
progress-30-lake-normal,200,1,0.9811539940816791,1,10.42,9,19,0,13.115,45.94
progress-30-forest-hard,200,0.695,0.6280132012185453,0.7546368564733095,27,28,42,0,20.785,77.945
progress-60-grassland-easy,200,1,0.9811539940816791,1,2.03,2,2,0,8.275,33.52
progress-60-grassland-normal,200,1,0.9811539940816791,1,8.695,7,19,0,36.86,57.635
progress-60-grassland-hard,200,0.985,0.9568335194437211,0.9948858548155076,28.65,28,42,0,128.01,116.65
progress-60-lake-normal,200,1,0.9811539940816791,1,10.885,9,21,0,12.99,45.855
progress-60-forest-hard,200,0.995,0.9722256001302286,0.999116854010634,26.965,25,48,0,32.64,120.69
progress-100-grassland-easy,200,1,0.9811539940816791,1,2.03,2,2,0,8.275,33.52
progress-100-grassland-normal,200,1,0.9811539940816791,1,8.585,7,18,0,36.865,57.7
progress-100-grassland-hard,200,1,0.9811539940816791,1,28.1,27,40,0,129.885,121.68
progress-100-lake-normal,200,1,0.9811539940816791,1,10.885,9,20,0,12.85,45.93
progress-100-forest-hard,200,1,0.9811539940816791,1,25.055,23,45,0,32.83,124.055
evolved-first-3,200,0.825,0.7663545078991807,0.8713955882539106,9.22,7,19,0,32.14,47.505
evolved-first-10,200,0.98,0.9497121344948062,0.9921956998236058,9.75,8,21,0,35.525,57
evolved-first-30,200,1,0.9811539940816791,1,9.74,8,20,0,36.9,57.715
evolved-damage-3,200,0.835,0.7773410172613647,0.8800321587733603,8.235,7,18,0,32.42,47.75
evolved-damage-10,200,1,0.9811539940816791,1,7.935,6,16,0,36.56,57.905
evolved-damage-30,200,1,0.9811539940816791,1,8.08,6,17,0,36.415,57.1
evolved-tactical-3,200,0.835,0.7773410172613647,0.8800321587733603,8.235,7,18,0,32.42,47.75
evolved-tactical-10,200,1,0.9811539940816791,1,8.33,7,16,0,36.625,58.31
evolved-tactical-30,200,1,0.9811539940816791,1,8.165,7,16,0,37.16,58.135
equal-freigal-slime,200,1,0.9811539940816791,1,3.06,3,4,0,12.39,80
equal-freigal-grassbeat,200,1,0.9811539940816791,1,3.46,3,5,0,12.51,46.925
equal-freigal-slime_gold,200,1,0.9811539940816791,1,11.195,11,13,0,200,46.6
equal-freiwolf-slime,200,1,0.9811539940816791,1,2.98,3,3,0,12.34,80
equal-freiwolf-grassbeat,200,1,0.9811539940816791,1,3.46,3,5,0,12.51,46.925
equal-freiwolf-slime_gold,200,1,0.9811539940816791,1,10.515,10,12,0,200,47.55
equal-aquaron-slime,200,1,0.9811539940816791,1,3.12,3,4,0,12.42,80
equal-aquaron-grassbeat,200,0.955,0.9167024063390322,0.9761477282752958,6.105,5,9,0,11.795,44.645
equal-aquaron-slime_gold,200,1,0.9811539940816791,1,12.19,12,14,0,200,46.395
equal-highaquaron-slime,200,1,0.9811539940816791,1,2.29,2,3,0,12.52,80
equal-highaquaron-grassbeat,200,0.99,0.9642775148038205,0.9972533993962251,4.37,4,6,0,12.165,46.655
equal-highaquaron-slime_gold,200,1,0.9811539940816791,1,9.3,9,11,0,200,46.58
equal-shenhairon-slime,200,1,0.9811539940816791,1,2,2,2,0,12.21,80
equal-shenhairon-grassbeat,200,1,0.9811539940816791,1,3.84,3,7,0,12.44,47.45
equal-shenhairon-slime_gold,200,1,0.9811539940816791,1,7.35,7,9,0,200,46.28
equal-tienhairon-slime,200,1,0.9811539940816791,1,2.005,2,2,0,12.23,80
equal-tienhairon-grassbeat,200,1,0.9811539940816791,1,3.46,3,5,0,12.51,46.925
equal-tienhairon-slime_gold,200,1,0.9811539940816791,1,7.41,7,9,0,200,46.29
equal-grassbeat-slime,200,1,0.9811539940816791,1,3.06,3,4,0,12.39,80
equal-grassbeat-grassbeat,200,0.97,0.9361048802675267,0.9861798741692518,5.525,5,9,0,11.73,44.82
equal-grassbeat-slime_gold,200,1,0.9811539940816791,1,11.665,12,13,0,200,46.72
equal-thornbeat-slime,200,1,0.9811539940816791,1,2.29,2,3,0,12.52,80
equal-thornbeat-grassbeat,200,0.995,0.9722256001302286,0.999116854010634,4.41,4,8,0,12.76,47.65
equal-thornbeat-slime_gold,200,1,0.9811539940816791,1,9.03,9,10,0,200,47.06
equal-granbeat-slime,200,1,0.9811539940816791,1,2.06,2,3,0,12.555,80
equal-granbeat-grassbeat,200,1,0.9811539940816791,1,3.84,3,7,0,12.44,47.45
equal-granbeat-slime_gold,200,1,0.9811539940816791,1,6.88,7,8,0,200,46.725
equal-rikasheef-slime,200,1,0.9811539940816791,1,3.34,3,4,0,12.39,80
equal-rikasheef-grassbeat,200,0.98,0.9497121344948062,0.9921956998236058,6.11,5,9,0,12.145,45.055
equal-rikasheef-slime_gold,200,1,0.9811539940816791,1,12.77,13,14,0,200,47.115
equal-seralphia-slime,200,1,0.9811539940816791,1,2,2,2,0,12.21,80
equal-seralphia-grassbeat,200,1,0.9811539940816791,1,3.46,3,5,0,12.51,46.925
equal-seralphia-slime_gold,200,1,0.9811539940816791,1,7.14,7,8,0,200,46.65
equal-nightmare-slime,200,1,0.9811539940816791,1,3.03,3,3,0,12.44,80
equal-nightmare-grassbeat,200,0.99,0.9642775148038205,0.9972533993962251,4.865,4,7,0,12.54,46.81
equal-nightmare-slime_gold,200,1,0.9811539940816791,1,10.59,10,12,0,200,47.52
equal-volteck-slime,200,1,0.9811539940816791,1,2.825,3,3,0,12.305,80
equal-volteck-grassbeat,200,0.985,0.9568335194437211,0.9948858548155076,4.865,4,7,0,12.505,46.59
equal-volteck-slime_gold,200,1,0.9811539940816791,1,10.205,10,12,0,200,48.515
equal-spaquinn-slime,200,1,0.9811539940816791,1,3.06,3,4,0,12.39,80
equal-spaquinn-grassbeat,200,0.985,0.9568335194437211,0.9948858548155076,5.215,5,8,0,12.48,45.88
equal-spaquinn-slime_gold,200,1,0.9811539940816791,1,11.05,11,12,0,200,47.38
equal-voltax-slime,200,1,0.9811539940816791,1,2.155,2,3,0,12.44,80
equal-voltax-grassbeat,200,1,0.9811539940816791,1,3.52,3,5,0,12.365,46.99
equal-voltax-slime_gold,200,1,0.9811539940816791,1,7.805,8,9,0,200,46.29
equal-icegolem-slime,200,1,0.9811539940816791,1,3.235,3,4,0,12.31,80
equal-icegolem-grassbeat,200,0.975,0.9428208558483829,0.9892754385292123,5.655,5,9,0,12.135,45.185
equal-icegolem-slime_gold,200,1,0.9811539940816791,1,11.665,12,13,0,200,46.72
equal-proto_icegolem-slime,200,1,0.9811539940816791,1,2.06,2,3,0,12.555,80
equal-proto_icegolem-grassbeat,200,1,0.9811539940816791,1,3.84,3,7,0,12.44,47.45
equal-proto_icegolem-slime_gold,200,1,0.9811539940816791,1,7.145,7,8,0,200,46.27
equal-nemes-slime,200,1,0.9811539940816791,1,3.03,3,3,0,12.44,80
equal-nemes-grassbeat,200,0.99,0.9642775148038205,0.9972533993962251,4.87,4,7,0,12.54,46.81
equal-nemes-slime_gold,200,1,0.9811539940816791,1,10.735,11,12,0,200,47.105
equal-nemesia-slime,200,1,0.9811539940816791,1,2,2,2,0,12.21,80
equal-nemesia-grassbeat,200,1,0.9811539940816791,1,3.46,3,5,0,12.51,46.925
equal-nemesia-slime_gold,200,1,0.9811539940816791,1,7.14,7,8,0,200,46.65
equal-nemesion-slime,200,1,0.9811539940816791,1,2,2,2,0,12.21,80
equal-nemesion-grassbeat,200,1,0.9811539940816791,1,2.75,2,5,0,12.635,47.11
equal-nemesion-slime_gold,200,1,0.9811539940816791,1,5.945,6,7,0,200,46.725
equal-doom_nemesion-slime,200,1,0.9811539940816791,1,1.33,1,2,0,12.365,80
equal-doom_nemesion-grassbeat,200,1,0.9811539940816791,1,2.22,2,4,0,12.645,46.745
equal-doom_nemesion-slime_gold,200,1,0.9811539940816791,1,4.975,5,6,0,200,46.76
equal-elna_beginner-slime,200,1,0.9811539940816791,1,3.49,3,4,0,12.425,80
equal-elna_beginner-grassbeat,200,0.98,0.9497121344948062,0.9921956998236058,6.3,6,9,0,12.115,45.045
equal-elna_beginner-slime_gold,200,1,0.9811539940816791,1,13.405,13,15,0,200,47.435
equal-elna_middle-slime,200,1,0.9811539940816791,1,2.32,2,3,0,12.455,80
equal-elna_middle-grassbeat,200,0.99,0.9642775148038205,0.9972533993962251,4.665,4,6,0,12.365,46.5
equal-elna_middle-slime_gold,200,1,0.9811539940816791,1,9.625,10,11,0,200,46.89
equal-elna_advanced-slime,200,1,0.9811539940816791,1,2.055,2,3,0,12.225,80
equal-elna_advanced-grassbeat,200,1,0.9811539940816791,1,3.46,3,5,0,12.51,46.925
equal-elna_advanced-slime_gold,200,1,0.9811539940816791,1,7.595,8,9,0,200,46.545
equal-suiren-slime,200,1,0.9811539940816791,1,2.29,2,3,0,12.52,80
equal-suiren-grassbeat,200,0.99,0.9642775148038205,0.9972533993962251,4.37,4,6,0,12.165,46.655
equal-suiren-slime_gold,200,1,0.9811539940816791,1,9.3,9,11,0,200,46.58
equal-slime-slime,200,1,0.9811539940816791,1,7.01,7,8,0,12.3,80
equal-slime-grassbeat,200,0.035,0.017055324637357105,0.07047146086668134,9.815,10,14,0,0.39,1.745
equal-slime-slime_gold,200,0.115,0.07786317221824318,0.16664825233886393,25.135,25,30,0,23,5.315
equal-slime_gold-slime,200,1,0.9811539940816791,1,7.015,7,8,0,12.25,80
equal-slime_gold-grassbeat,200,0.07,0.04215178292291873,0.11405578216683726,9.8,10,14,0,0.825,3.25
equal-slime_gold-slime_gold,200,0.335,0.2732398096874265,0.4029793722656195,25.765,26,30,0,67,15.785
equal-goblin-slime,200,1,0.9811539940816791,1,3.86,4,5,0,12.51,80
equal-goblin-grassbeat,200,0.92,0.8740095102048769,0.9501598448237337,6.06,5,9,0,11.335,42.985
equal-goblin-slime_gold,200,1,0.9811539940816791,1,8.07,8,10,0,200,47.53
equal-false_dragon_alfa-slime,200,1,0.9811539940816791,1,2,2,2,0,12.21,80
equal-false_dragon_alfa-grassbeat,200,1,0.9811539940816791,1,2.26,2,4,0,12.66,46.69
equal-false_dragon_alfa-slime_gold,200,1,0.9811539940816791,1,5.775,6,7,0,200,46.515
equal-false_dragon_beta-slime,200,1,0.9811539940816791,1,2,2,2,0,12.21,80
equal-false_dragon_beta-grassbeat,200,1,0.9811539940816791,1,2.22,2,4,0,12.645,46.745
equal-false_dragon_beta-slime_gold,200,1,0.9811539940816791,1,5.46,5,6,0,200,47.525
equal-false_dragon_gamma-slime,200,1,0.9811539940816791,1,1.33,1,2,0,12.365,80
equal-false_dragon_gamma-grassbeat,200,1,0.9811539940816791,1,2.22,2,4,0,12.645,46.745
equal-false_dragon_gamma-slime_gold,200,1,0.9811539940816791,1,4.98,5,6,0,200,47.75
equal-volmoog-slime,200,1,0.9811539940816791,1,2.29,2,3,0,12.52,80
equal-volmoog-grassbeat,200,1,0.9811539940816791,1,3.76,3,6,0,12.33,46.91
equal-volmoog-slime_gold,200,1,0.9811539940816791,1,8.665,9,10,0,200,47.705
equal-gran_volmoog-slime,200,1,0.9811539940816791,1,2,2,2,0,12.21,80
equal-gran_volmoog-grassbeat,200,1,0.9811539940816791,1,3.4,3,5,0,12.6,46.8
equal-gran_volmoog-slime_gold,200,1,0.9811539940816791,1,6.485,6,7,0,200,46.48
equal-stella_apprentice-slime,200,1,0.9811539940816791,1,3.895,4,5,0,12.21,80
equal-stella_apprentice-grassbeat,200,0.945,0.9042120755340645,0.9690149791986299,6.995,6,10,0,11.755,43.855
equal-stella_apprentice-slime_gold,200,1,0.9811539940816791,1,14.785,15,16,0,200,46.39
equal-stella_wizard-slime,200,1,0.9811539940816791,1,2.055,2,3,0,12.225,80
equal-stella_wizard-grassbeat,200,1,0.9811539940816791,1,3.46,3,5,0,12.51,46.925
equal-stella_wizard-slime_gold,200,1,0.9811539940816791,1,7.595,8,9,0,200,46.545
equal-stella_sorcerer-slime,200,1,0.9811539940816791,1,2,2,2,0,12.21,80
equal-stella_sorcerer-grassbeat,200,1,0.9811539940816791,1,2.375,2,4,0,12.62,46.605
equal-stella_sorcerer-slime_gold,200,1,0.9811539940816791,1,5.825,6,7,0,200,47.015
equal-lumina_apprentice-slime,200,1,0.9811539940816791,1,3.895,4,5,0,12.21,80
equal-lumina_apprentice-grassbeat,200,0.945,0.9042120755340645,0.9690149791986299,6.995,6,10,0,11.755,43.855
equal-lumina_apprentice-slime_gold,200,1,0.9811539940816791,1,14.785,15,16,0,200,46.39
equal-lumina_wizard-slime,200,1,0.9811539940816791,1,2.055,2,3,0,12.225,80
equal-lumina_wizard-grassbeat,200,1,0.9811539940816791,1,3.46,3,5,0,12.51,46.925
equal-lumina_wizard-slime_gold,200,1,0.9811539940816791,1,7.595,8,9,0,200,46.545
equal-lumina_sorcerer-slime,200,1,0.9811539940816791,1,2,2,2,0,12.21,80
equal-lumina_sorcerer-grassbeat,200,1,0.9811539940816791,1,2.485,2,5,0,12.64,46.46
equal-lumina_sorcerer-slime_gold,200,1,0.9811539940816791,1,5.935,6,7,0,200,46.84
equal-orcana-slime,200,1,0.9811539940816791,1,2.29,2,3,0,12.52,80
equal-orcana-grassbeat,200,0.99,0.9642775148038205,0.9972533993962251,4.37,4,6,0,12.165,46.655
equal-orcana-slime_gold,200,1,0.9811539940816791,1,9.3,9,11,0,200,46.58
equal-orca_stream-slime,200,1,0.9811539940816791,1,2,2,2,0,12.21,80
equal-orca_stream-grassbeat,200,1,0.9811539940816791,1,3.46,3,5,0,12.51,46.925
equal-orca_stream-slime_gold,200,1,0.9811539940816791,1,7.14,7,8,0,200,46.65
equal-orca_abyss-slime,200,1,0.9811539940816791,1,2,2,2,0,12.21,80
equal-orca_abyss-grassbeat,200,1,0.9811539940816791,1,2.225,2,4,0,12.63,46.78
equal-orca_abyss-slime_gold,200,1,0.9811539940816791,1,5.465,5,6,0,200,47.58
equal-tsubaki-slime,200,1,0.9811539940816791,1,2.515,3,3,0,12.44,80
equal-tsubaki-grassbeat,200,1,0.9811539940816791,1,3.46,3,5,0,12.51,46.925
equal-tsubaki-slime_gold,200,1,0.9811539940816791,1,9.795,10,11,0,200,48.84
equal-sylphin-slime,200,1,0.9811539940816791,1,4.16,4,5,0,12.265,80
equal-sylphin-grassbeat,200,0.16,0.11567342208544587,0.2171418619390124,8.2,8,12,0,2.03,7.605
equal-sylphin-slime_gold,200,1,0.9811539940816791,1,15.72,16,17,0,200,46.78
equal-zephyray-slime,200,1,0.9811539940816791,1,2.29,2,3,0,12.52,80
equal-zephyray-grassbeat,200,0.975,0.9428208558483829,0.9892754385292123,5.495,5,8,0,12.255,45.335
equal-zephyray-slime_gold,200,1,0.9811539940816791,1,8.47,8,10,0,200,46.965
equal-tempestray-slime,200,1,0.9811539940816791,1,2,2,2,0,12.21,80
equal-tempestray-grassbeat,200,1,0.9811539940816791,1,4.13,4,6,0,12.38,46.895
equal-tempestray-slime_gold,200,1,0.9811539940816791,1,6.585,7,7,0,200,46.58
equal-ignaros-slime,200,1,0.9811539940816791,1,2.155,2,3,0,12.44,80
equal-ignaros-grassbeat,200,1,0.9811539940816791,1,2.55,2,4,0,12.295,46.775
equal-ignaros-slime_gold,200,1,0.9811539940816791,1,8.035,8,9,0,200,46.94
equal-nocle-slime,200,1,0.9811539940816791,1,4.16,4,5,0,12.265,80
equal-nocle-grassbeat,200,0.91,0.8622332538615105,0.9423130212854665,7.49,7,10,0,11.385,42.58
equal-nocle-slime_gold,200,1,0.9811539940816791,1,15.865,16,18,0,200,47.1
equal-noclaid-slime,200,1,0.9811539940816791,1,3.12,3,4,0,12.42,80
equal-noclaid-grassbeat,200,0.98,0.9497121344948062,0.9921956998236058,5.735,5,9,0,12.31,45.065
equal-noclaid-slime_gold,200,1,0.9811539940816791,1,12.01,12,14,0,200,46.865
equal-noxvelg-slime,200,1,0.9811539940816791,1,2,2,2,0,12.21,80
equal-noxvelg-grassbeat,200,1,0.9811539940816791,1,3.4,3,5,0,12.6,46.8
equal-noxvelg-slime_gold,200,1,0.9811539940816791,1,6.34,6,7,0,200,46.395
equal-luxseed-slime,200,1,0.9811539940816791,1,4.16,4,5,0,12.265,80
equal-luxseed-grassbeat,200,0.915,0.8681031145576462,0.9462547005301477,7.52,7,11,0,11.43,42.815
equal-luxseed-slime_gold,200,1,0.9811539940816791,1,15.865,16,18,0,200,47.1
equal-luxiard-slime,200,1,0.9811539940816791,1,3.12,3,4,0,12.42,80
equal-luxiard-grassbeat,200,0.98,0.9497121344948062,0.9921956998236058,5.735,5,9,0,12.31,45.065
equal-luxiard-slime_gold,200,1,0.9811539940816791,1,12.19,12,14,0,200,46.395
equal-lux_galdion-slime,200,1,0.9811539940816791,1,2,2,2,0,12.21,80
equal-lux_galdion-grassbeat,200,1,0.9811539940816791,1,3.4,3,5,0,12.6,46.8
equal-lux_galdion-slime_gold,200,1,0.9811539940816791,1,6.34,6,7,0,200,46.395
equal-astralepis-slime,200,1,0.9811539940816791,1,2.265,2,3,0,12.46,80
equal-astralepis-grassbeat,200,1,0.9811539940816791,1,3.505,3,5,0,12.395,47.045
equal-astralepis-slime_gold,200,1,0.9811539940816791,1,7.945,8,9,0,200,46.2
link-slime-off,200,0.065,0.03837598764975976,0.10802003749917945,23.87,24,29,0,1.5,5.4
link-slime-on,200,0.94,0.8980673646931491,0.9653481500987285,20.085,20,24,0,21.505,78.765
link-freigal-off,200,0.295,0.23613844271901735,0.3615884197074943,24.7,25,28,0,6.49,24.75
link-freigal-on,200,1,0.9811539940816791,1,17.13,17,20,0,22.605,85.41
link-aquaron-off,200,0.135,0.09446507976920289,0.18929250455117141,24.985,25,30,0,2.955,10.93
link-aquaron-on,200,0.99,0.9642775148038205,0.9972533993962251,20.05,20,23,0,22.08,83.055
link-grassbeat-off,200,0.085,0.05374529946985246,0.13189688544235392,24.995,25,31,0,1.88,7.105
link-grassbeat-on,200,0.935,0.8919799625008207,0.9616240123502404,21.45,21,24,0,20.105,78.595
link-volteck-off,200,0.12,0.08197935023887545,0.17234361425904846,24.235,24,29,0,2.755,9.885
link-volteck-on,200,0.945,0.9042120755340645,0.9690149791986299,20.395,20,23,0,20.765,78.805
link-thornbeat-off,200,0.175,0.12860441174608936,0.23364549210081922,25.67,26,31,0,3.725,14.75
link-thornbeat-on,200,0.97,0.9361048802675267,0.9861798741692518,21.695,21,25,0,21.35,81.57
link-granbeat-off,200,0.41,0.34415559179081295,0.4792366892744849,26.12,27,30,0,9.045,33.77
link-granbeat-on,200,0.875,0.8219846471534161,0.9138808484078432,24.055,24,26,0,19.47,72.78
mode-single-10,200,1,0.9811539940816791,1,2.955,3,3,0,12.5,80
mode-single-30,200,1,0.9811539940816791,1,2.955,3,3,0,12.5,80
mode-three_way-10,200,1,0.9811539940816791,1,6.74,7,8,0,25.32,127.02
mode-three_way-30,200,1,0.9811539940816791,1,6.705,7,8,0,25.355,127.205
mode-invasion_pending-10,200,1,0.9811539940816791,1,3.1,3,3,0,12.835,81.595
mode-invasion_pending-30,200,1,0.9811539940816791,1,3.1,3,3,0,12.835,81.595
boss-10-damage,200,0,0,0.018846005918320894,9.925,10,11,0,0,0
boss-10-tactical,200,0,0,0.018846005918320894,9.925,10,11,0,0,0
boss-30-damage,200,0,0,0.018846005918320894,16.125,16,17,0,0,0
boss-30-tactical,200,0,0,0.018846005918320894,16.125,16,17,0,0,0
boss-60-damage,200,0,0,0.018846005918320894,25.445,25,27,0,0,0
boss-60-tactical,200,0,0,0.018846005918320894,25.445,25,27,0,0,0
boss-100-damage,200,1,0.9811539940816791,1,28.015,28,29,0,36.69,141.345
boss-100-tactical,200,1,0.9811539940816791,1,28.015,28,29,0,36.69,141.345
